{"assets/app-logo.png":["assets/app-logo.png"],"assets/fonts/nunito.ttf":["assets/fonts/nunito.ttf"],"assets/google_logo.png":["assets/google_logo.png"],"assets/images/calm.png":["assets/images/calm.png"],"assets/images/day.png":["assets/images/day.png","assets/images/1.5x/day.png","assets/images/2.0x/day.png","assets/images/3.0x/day.png","assets/images/4.0x/day.png"],"assets/images/dialog.jpg":["assets/images/dialog.jpg"],"assets/images/emhom.svg":["assets/images/emhom.svg"],"assets/images/good.svg":["assets/images/good.svg"],"assets/images/great.svg":["assets/images/great.svg"],"assets/images/icon_1.png":["assets/images/icon_1.png"],"assets/images/icon_2.png":["assets/images/icon_2.png"],"assets/images/icon_3.png":["assets/images/icon_3.png"],"assets/images/love.jpg":["assets/images/love.jpg"],"assets/images/med.jpg":["assets/images/med.jpg"],"assets/images/missm.png":["assets/images/missm.png"],"assets/images/moon.png":["assets/images/moon.png","assets/images/1.5x/moon.png","assets/images/2.0x/moon.png","assets/images/3.0x/moon.png","assets/images/4.0x/moon.png"],"assets/images/night.png":["assets/images/night.png","assets/images/1.5x/night.png","assets/images/2.0x/night.png","assets/images/3.0x/night.png","assets/images/4.0x/night.png"],"assets/images/notokay.svg":["assets/images/notokay.svg"],"assets/images/okay.svg":["assets/images/okay.svg"],"assets/images/peace.jpg":["assets/images/peace.jpg"],"assets/images/sad.svg":["assets/images/sad.svg"],"assets/images/selflo.jpg":["assets/images/selflo.jpg"],"assets/images/sun.svg":["assets/images/sun.svg"],"assets/raw/soon.json":["assets/raw/soon.json"],"assets/svg/icon_heart.svg":["assets/svg/icon_heart.svg"],"assets/svg/icon_home.svg":["assets/svg/icon_home.svg"],"assets/svg/icon_notification.svg":["assets/svg/icon_notification.svg"],"assets/svg/icon_plus.svg":["assets/svg/icon_plus.svg"],"assets/svg/icon_search.svg":["assets/svg/icon_search.svg"],"assets/svg/icon_user.svg":["assets/svg/icon_user.svg"],"assets/svg/money.svg":["assets/svg/money.svg"],"assets/svg/mountains.svg":["assets/svg/mountains.svg"],"assets/svg/stars.svg":["assets/svg/stars.svg"],"assets/topics/light/DoogieDoodle.png":["assets/topics/light/DoogieDoodle.png"],"assets/topics/light/IceCreamDoodle.png":["assets/topics/light/IceCreamDoodle.png"],"assets/topics/light/MeditatingDoodle.png":["assets/topics/light/MeditatingDoodle.png"],"assets/topics/light/ReadingDoodle.png":["assets/topics/light/ReadingDoodle.png"],"assets/topics/light/StrollingDoodle.png":["assets/topics/light/StrollingDoodle.png"],"assets/topics/light/SwingingDoodle.png":["assets/topics/light/SwingingDoodle.png"],"packages/cupertino_icons/assets/CupertinoIcons.ttf":["packages/cupertino_icons/assets/CupertinoIcons.ttf"],"packages/flutter_signin_button/assets/logos/2.0x/facebook_new.png":["packages/flutter_signin_button/assets/logos/2.0x/facebook_new.png"],"packages/flutter_signin_button/assets/logos/2.0x/google_dark.png":["packages/flutter_signin_button/assets/logos/2.0x/google_dark.png"],"packages/flutter_signin_button/assets/logos/2.0x/google_light.png":["packages/flutter_signin_button/assets/logos/2.0x/google_light.png"],"packages/flutter_signin_button/assets/logos/3.0x/facebook_new.png":["packages/flutter_signin_button/assets/logos/3.0x/facebook_new.png"],"packages/flutter_signin_button/assets/logos/3.0x/google_dark.png":["packages/flutter_signin_button/assets/logos/3.0x/google_dark.png"],"packages/flutter_signin_button/assets/logos/3.0x/google_light.png":["packages/flutter_signin_button/assets/logos/3.0x/google_light.png"],"packages/flutter_signin_button/assets/logos/facebook_new.png":["packages/flutter_signin_button/assets/logos/facebook_new.png","packages/flutter_signin_button/assets/logos/2.0x/facebook_new.png","packages/flutter_signin_button/assets/logos/3.0x/facebook_new.png"],"packages/flutter_signin_button/assets/logos/google_dark.png":["packages/flutter_signin_button/assets/logos/google_dark.png","packages/flutter_signin_button/assets/logos/2.0x/google_dark.png","packages/flutter_signin_button/assets/logos/3.0x/google_dark.png"],"packages/flutter_signin_button/assets/logos/google_light.png":["packages/flutter_signin_button/assets/logos/google_light.png","packages/flutter_signin_button/assets/logos/2.0x/google_light.png","packages/flutter_signin_button/assets/logos/3.0x/google_light.png"],"packages/font_awesome_flutter/lib/fonts/fa-brands-400.ttf":["packages/font_awesome_flutter/lib/fonts/fa-brands-400.ttf"],"packages/font_awesome_flutter/lib/fonts/fa-regular-400.ttf":["packages/font_awesome_flutter/lib/fonts/fa-regular-400.ttf"],"packages/font_awesome_flutter/lib/fonts/fa-solid-900.ttf":["packages/font_awesome_flutter/lib/fonts/fa-solid-900.ttf"]}