{"v":"5.7.3","fr":60,"ip":0,"op":172,"w":1080,"h":1080,"nm":"add doc","ddd":0,"assets":[],"layers":[{"ddd":0,"ind":1,"ty":4,"nm":"plus","sr":1,"ks":{"o":{"a":0,"k":100,"ix":11},"r":{"a":0,"k":0,"ix":10},"p":{"a":0,"k":[943.864,890.469,0],"ix":2},"a":{"a":0,"k":[403.864,350.469,0],"ix":1},"s":{"a":1,"k":[{"i":{"x":[0.49,0.49,0.667],"y":[1,1,1]},"o":{"x":[0.333,0.333,0.333],"y":[0,0,0]},"t":0,"s":[0,0,100]},{"i":{"x":[0.667,0.667,0.667],"y":[1,1,1]},"o":{"x":[0.571,0.571,0.333],"y":[0,0,0]},"t":20,"s":[110,110,100]},{"i":{"x":[0.833,0.833,0.833],"y":[1,1,1]},"o":{"x":[0.176,0.176,0.176],"y":[0,0,0]},"t":30,"s":[100,100,100]},{"i":{"x":[0.49,0.49,0.667],"y":[1,1,1]},"o":{"x":[0.333,0.333,0.333],"y":[0,0,0]},"t":49,"s":[100,100,100]},{"i":{"x":[0.667,0.667,0.667],"y":[1,1,1]},"o":{"x":[0.571,0.571,0.333],"y":[0,0,0]},"t":59,"s":[110,110,100]},{"i":{"x":[0.833,0.833,0.833],"y":[1,1,1]},"o":{"x":[0.169,0.169,0.169],"y":[0,0,0]},"t":69,"s":[100,100,100]},{"i":{"x":[0.49,0.49,0.667],"y":[1,1,1]},"o":{"x":[0.333,0.333,0.333],"y":[0,0,0]},"t":100,"s":[100,100,100]},{"i":{"x":[0.667,0.667,0.667],"y":[1,1,1]},"o":{"x":[0.571,0.571,0.333],"y":[0,0,0]},"t":110,"s":[110,110,100]},{"t":120,"s":[100,100,100]}],"ix":6}},"ao":0,"shapes":[{"ty":"gr","it":[{"ind":0,"ty":"sh","ix":1,"ks":{"a":0,"k":{"i":[[0,0],[0,0],[0,0],[8.43,-0.011],[0.011,-8.415],[0,0],[0,0],[-0.011,-8.43],[-8.415,-0.011],[0,0],[0,0],[-8.43,-0.011],[-0.011,8.43],[0,0.013],[0,0],[0,0],[0.011,8.43],[8.415,0.011]],"o":[[0,0],[0,0],[-0.011,-8.43],[-8.415,0.011],[0,0],[0,0],[-8.43,0.011],[0.011,8.415],[0,0],[0,0],[-0.011,8.43],[8.43,0.011],[0,-0.013],[0,0],[0,0],[8.43,-0.011],[-0.011,-8.415],[0,0]],"v":[[459.834,335.204],[419.128,335.204],[419.128,294.498],[403.844,279.253],[388.599,294.498],[388.599,335.204],[347.893,335.204],[332.648,350.488],[347.893,365.733],[388.599,365.733],[388.599,406.439],[403.844,421.723],[419.128,406.479],[419.128,406.439],[419.128,365.733],[459.834,365.733],[475.079,350.449],[459.834,335.204]],"c":true},"ix":2},"nm":"Path 1","mn":"ADBE Vector Shape - Group","hd":false},{"ty":"fl","c":{"a":0,"k":[1,1,1,1],"ix":4},"o":{"a":0,"k":100,"ix":5},"r":1,"bm":0,"nm":"Fill 1","mn":"ADBE Vector Graphic - Fill","hd":false},{"ty":"tr","p":{"a":0,"k":[0,0],"ix":2},"a":{"a":0,"k":[0,0],"ix":1},"s":{"a":0,"k":[100,100],"ix":3},"r":{"a":0,"k":0,"ix":6},"o":{"a":0,"k":100,"ix":7},"sk":{"a":0,"k":0,"ix":4},"sa":{"a":0,"k":0,"ix":5},"nm":"Transform"}],"nm":"Group 1","np":2,"cix":2,"bm":0,"ix":1,"mn":"ADBE Vector Group","hd":false},{"ty":"gr","it":[{"ind":0,"ty":"sh","ix":1,"ks":{"a":0,"k":{"i":[[-64.633,0],[0,-64.633],[64.633,0],[0,64.633]],"o":[[64.633,0],[0,64.633],[-64.633,0],[0,-64.633]],"v":[[403.864,233.439],[520.893,350.469],[403.864,467.498],[286.835,350.469]],"c":true},"ix":2},"nm":"Path 1","mn":"ADBE Vector Shape - Group","hd":false},{"ty":"fl","c":{"a":0,"k":[0.9254901960784314,0.6823529411764706,0.29411764705882354,1],"ix":4},"o":{"a":0,"k":100,"ix":5},"r":1,"bm":0,"nm":"Fill 1","mn":"ADBE Vector Graphic - Fill","hd":false},{"ty":"tr","p":{"a":0,"k":[0,0],"ix":2},"a":{"a":0,"k":[0,0],"ix":1},"s":{"a":0,"k":[100,100],"ix":3},"r":{"a":0,"k":0,"ix":6},"o":{"a":0,"k":100,"ix":7},"sk":{"a":0,"k":0,"ix":4},"sa":{"a":0,"k":0,"ix":5},"nm":"Transform"}],"nm":"Group 2","np":2,"cix":2,"bm":0,"ix":2,"mn":"ADBE Vector Group","hd":false}],"ip":0,"op":2400,"st":0,"bm":0},{"ddd":0,"ind":2,"ty":4,"nm":"1st","sr":1,"ks":{"o":{"a":1,"k":[{"i":{"x":[0.667],"y":[1]},"o":{"x":[0.669],"y":[0]},"t":69,"s":[0]},{"t":84,"s":[100]}],"ix":11},"r":{"a":1,"k":[{"i":{"x":[0.667],"y":[1]},"o":{"x":[0.805],"y":[0]},"t":64,"s":[33]},{"i":{"x":[0.833],"y":[1]},"o":{"x":[0.167],"y":[0]},"t":79,"s":[-5]},{"t":89,"s":[0]}],"ix":10},"p":{"a":0,"k":[955.306,935.879,0],"ix":2},"a":{"a":0,"k":[415.306,395.879,0],"ix":1},"s":{"a":0,"k":[100,100,100],"ix":6}},"ao":0,"shapes":[{"ty":"gr","it":[{"ind":0,"ty":"sh","ix":1,"ks":{"a":0,"k":{"i":[[2.826,-0.003],[0,0],[0.003,2.826],[0,0],[-2.826,0.003],[0,0],[-0.003,-2.826],[0,0]],"o":[[0,0],[-2.826,-0.003],[0,0],[0.003,-2.826],[0,0],[2.826,0.003],[0,0],[-0.003,2.826]],"v":[[47.766,-79.124],[-124.542,-79.124],[-129.661,-84.243],[-129.661,-218.719],[-124.542,-223.838],[47.766,-223.838],[52.885,-218.719],[52.885,-84.243]],"c":true},"ix":2},"nm":"Path 1","mn":"ADBE Vector Shape - Group","hd":false},{"ty":"fl","c":{"a":0,"k":[0.9254901960784314,0.6823529411764706,0.29411764705882354,1],"ix":4},"o":{"a":0,"k":100,"ix":5},"r":1,"bm":0,"nm":"Fill 1","mn":"ADBE Vector Graphic - Fill","hd":false},{"ty":"tr","p":{"a":0,"k":[0,0],"ix":2},"a":{"a":0,"k":[0,0],"ix":1},"s":{"a":0,"k":[100,100],"ix":3},"r":{"a":0,"k":0,"ix":6},"o":{"a":0,"k":100,"ix":7},"sk":{"a":0,"k":0,"ix":4},"sa":{"a":0,"k":0,"ix":5},"nm":"Transform"}],"nm":"Group 1","np":2,"cix":2,"bm":0,"ix":1,"mn":"ADBE Vector Group","hd":false},{"ty":"gr","it":[{"ind":0,"ty":"sh","ix":1,"ks":{"a":0,"k":{"i":[[0,0],[0,0],[0,5.896],[-5.896,0],[0,0],[0,-5.896],[5.896,0]],"o":[[0,0],[-5.896,0],[0,-5.896],[0,0],[5.896,0],[0,5.896],[0,0]],"v":[[320.07,-122.789],[89.13,-122.789],[78.454,-133.465],[89.13,-144.141],[320.07,-144.141],[330.746,-133.465],[320.07,-122.789]],"c":true},"ix":2},"nm":"Path 1","mn":"ADBE Vector Shape - Group","hd":false},{"ty":"fl","c":{"a":0,"k":[0.800000011921,0.800000011921,0.800000011921,1],"ix":4},"o":{"a":0,"k":100,"ix":5},"r":1,"bm":0,"nm":"Fill 1","mn":"ADBE Vector Graphic - Fill","hd":false},{"ty":"tr","p":{"a":0,"k":[0,0],"ix":2},"a":{"a":0,"k":[0,0],"ix":1},"s":{"a":0,"k":[100,100],"ix":3},"r":{"a":0,"k":0,"ix":6},"o":{"a":0,"k":100,"ix":7},"sk":{"a":0,"k":0,"ix":4},"sa":{"a":0,"k":0,"ix":5},"nm":"Transform"}],"nm":"Group 2","np":2,"cix":2,"bm":0,"ix":2,"mn":"ADBE Vector Group","hd":false},{"ty":"gr","it":[{"ind":0,"ty":"sh","ix":1,"ks":{"a":0,"k":{"i":[[5.896,0],[0,0],[0,5.896],[-5.896,0],[0,0],[0,-5.896]],"o":[[0,0],[-5.896,0],[0,-5.896],[0,0],[5.896,0],[0,5.896]],"v":[[276.032,-158.82],[89.13,-158.82],[78.454,-169.496],[89.13,-180.172],[276.032,-180.172],[286.707,-169.496]],"c":true},"ix":2},"nm":"Path 1","mn":"ADBE Vector Shape - Group","hd":false},{"ty":"fl","c":{"a":0,"k":[0.800000011921,0.800000011921,0.800000011921,1],"ix":4},"o":{"a":0,"k":100,"ix":5},"r":1,"bm":0,"nm":"Fill 1","mn":"ADBE Vector Graphic - Fill","hd":false},{"ty":"tr","p":{"a":0,"k":[0,0],"ix":2},"a":{"a":0,"k":[0,0],"ix":1},"s":{"a":0,"k":[100,100],"ix":3},"r":{"a":0,"k":0,"ix":6},"o":{"a":0,"k":100,"ix":7},"sk":{"a":0,"k":0,"ix":4},"sa":{"a":0,"k":0,"ix":5},"nm":"Transform"}],"nm":"Group 3","np":2,"cix":2,"bm":0,"ix":3,"mn":"ADBE Vector Group","hd":false},{"ty":"gr","it":[{"ind":0,"ty":"sh","ix":1,"ks":{"a":0,"k":{"i":[[2.826,-0.003],[0,0],[0.003,2.826],[0,0],[-2.826,0.003],[0,0],[-0.003,-2.826],[0,0]],"o":[[0,0],[-2.826,-0.003],[0,0],[0.003,-2.826],[0,0],[2.826,0.003],[0,0],[-0.003,2.826]],"v":[[-34.546,234.793],[-124.26,234.793],[-129.379,229.674],[-129.379,149.815],[-124.26,144.696],[-34.546,144.696],[-29.427,149.815],[-29.427,229.674]],"c":true},"ix":2},"nm":"Path 1","mn":"ADBE Vector Shape - Group","hd":false},{"ty":"fl","c":{"a":0,"k":[0.901960790157,0.901960790157,0.901960790157,1],"ix":4},"o":{"a":0,"k":100,"ix":5},"r":1,"bm":0,"nm":"Fill 1","mn":"ADBE Vector Graphic - Fill","hd":false},{"ty":"tr","p":{"a":0,"k":[0,0],"ix":2},"a":{"a":0,"k":[0,0],"ix":1},"s":{"a":0,"k":[100,100],"ix":3},"r":{"a":0,"k":0,"ix":6},"o":{"a":0,"k":100,"ix":7},"sk":{"a":0,"k":0,"ix":4},"sa":{"a":0,"k":0,"ix":5},"nm":"Transform"}],"nm":"Group 4","np":2,"cix":2,"bm":0,"ix":4,"mn":"ADBE Vector Group","hd":false},{"ty":"gr","it":[{"ind":0,"ty":"sh","ix":1,"ks":{"a":0,"k":{"i":[[2.826,-0.003],[0,0],[0.003,2.826],[0,0],[-2.826,0.003],[0,0],[-0.003,-2.826],[0,0]],"o":[[0,0],[-2.826,-0.003],[0,0],[0.003,-2.826],[0,0],[2.826,0.003],[0,0],[-0.003,2.826]],"v":[[-34.546,73.319],[-124.26,73.319],[-129.379,68.2],[-129.379,-11.658],[-124.26,-16.777],[-34.546,-16.777],[-29.427,-11.658],[-29.427,68.2]],"c":true},"ix":2},"nm":"Path 1","mn":"ADBE Vector Shape - Group","hd":false},{"ty":"fl","c":{"a":0,"k":[0.901960790157,0.901960790157,0.901960790157,1],"ix":4},"o":{"a":0,"k":100,"ix":5},"r":1,"bm":0,"nm":"Fill 1","mn":"ADBE Vector Graphic - Fill","hd":false},{"ty":"tr","p":{"a":0,"k":[0,0],"ix":2},"a":{"a":0,"k":[0,0],"ix":1},"s":{"a":0,"k":[100,100],"ix":3},"r":{"a":0,"k":0,"ix":6},"o":{"a":0,"k":100,"ix":7},"sk":{"a":0,"k":0,"ix":4},"sa":{"a":0,"k":0,"ix":5},"nm":"Transform"}],"nm":"Group 5","np":2,"cix":2,"bm":0,"ix":5,"mn":"ADBE Vector Group","hd":false},{"ty":"gr","it":[{"ind":0,"ty":"sh","ix":1,"ks":{"a":0,"k":{"i":[[5.896,0],[0,0],[0,5.896],[-5.896,0],[0,0],[0,-5.896]],"o":[[0,0],[-5.896,0],[0,-5.896],[0,0],[5.896,0],[0,5.896]],"v":[[319.788,218.436],[22.241,218.436],[11.565,207.76],[22.241,197.084],[319.788,197.084],[330.464,207.76]],"c":true},"ix":2},"nm":"Path 1","mn":"ADBE Vector Shape - Group","hd":false},{"ty":"fl","c":{"a":0,"k":[0.901960790157,0.901960790157,0.901960790157,1],"ix":4},"o":{"a":0,"k":100,"ix":5},"r":1,"bm":0,"nm":"Fill 1","mn":"ADBE Vector Graphic - Fill","hd":false},{"ty":"tr","p":{"a":0,"k":[0,0],"ix":2},"a":{"a":0,"k":[0,0],"ix":1},"s":{"a":0,"k":[100,100],"ix":3},"r":{"a":0,"k":0,"ix":6},"o":{"a":0,"k":100,"ix":7},"sk":{"a":0,"k":0,"ix":4},"sa":{"a":0,"k":0,"ix":5},"nm":"Transform"}],"nm":"Group 6","np":2,"cix":2,"bm":0,"ix":6,"mn":"ADBE Vector Group","hd":false},{"ty":"gr","it":[{"ind":0,"ty":"sh","ix":1,"ks":{"a":0,"k":{"i":[[5.896,0],[0,0],[0,5.896],[-5.896,0],[0,0],[0,-5.896]],"o":[[0,0],[-5.896,0],[0,-5.896],[0,0],[5.896,0],[0,5.896]],"v":[[275.75,182.405],[22.241,182.405],[11.565,171.729],[22.241,161.053],[275.75,161.053],[286.426,171.729]],"c":true},"ix":2},"nm":"Path 1","mn":"ADBE Vector Shape - Group","hd":false},{"ty":"fl","c":{"a":0,"k":[0.901960790157,0.901960790157,0.901960790157,1],"ix":4},"o":{"a":0,"k":100,"ix":5},"r":1,"bm":0,"nm":"Fill 1","mn":"ADBE Vector Graphic - Fill","hd":false},{"ty":"tr","p":{"a":0,"k":[0,0],"ix":2},"a":{"a":0,"k":[0,0],"ix":1},"s":{"a":0,"k":[100,100],"ix":3},"r":{"a":0,"k":0,"ix":6},"o":{"a":0,"k":100,"ix":7},"sk":{"a":0,"k":0,"ix":4},"sa":{"a":0,"k":0,"ix":5},"nm":"Transform"}],"nm":"Group 7","np":2,"cix":2,"bm":0,"ix":7,"mn":"ADBE Vector Group","hd":false},{"ty":"gr","it":[{"ind":0,"ty":"sh","ix":1,"ks":{"a":0,"k":{"i":[[5.896,0],[0,0],[0.007,5.896],[-5.896,0.007],[-0.008,0],[0,0],[0,-5.896]],"o":[[0,0],[-5.896,0.007],[-0.007,-5.896],[0.008,0],[0,0],[5.896,0],[0,5.896]],"v":[[319.788,56.963],[22.241,56.963],[11.553,46.299],[22.216,35.611],[22.241,35.611],[319.788,35.611],[330.464,46.287]],"c":true},"ix":2},"nm":"Path 1","mn":"ADBE Vector Shape - Group","hd":false},{"ty":"fl","c":{"a":0,"k":[0.901960790157,0.901960790157,0.901960790157,1],"ix":4},"o":{"a":0,"k":100,"ix":5},"r":1,"bm":0,"nm":"Fill 1","mn":"ADBE Vector Graphic - Fill","hd":false},{"ty":"tr","p":{"a":0,"k":[0,0],"ix":2},"a":{"a":0,"k":[0,0],"ix":1},"s":{"a":0,"k":[100,100],"ix":3},"r":{"a":0,"k":0,"ix":6},"o":{"a":0,"k":100,"ix":7},"sk":{"a":0,"k":0,"ix":4},"sa":{"a":0,"k":0,"ix":5},"nm":"Transform"}],"nm":"Group 8","np":2,"cix":2,"bm":0,"ix":8,"mn":"ADBE Vector Group","hd":false},{"ty":"gr","it":[{"ind":0,"ty":"sh","ix":1,"ks":{"a":0,"k":{"i":[[5.886,-0.007],[0,0],[0.007,5.896],[-5.896,0.007],[-0.008,0],[0,0],[0.007,-5.896]],"o":[[0,0],[-5.896,0.007],[-0.007,-5.896],[0.008,0],[0,0],[5.896,0.007],[-0.007,5.886]],"v":[[275.75,20.931],[22.241,20.931],[11.553,10.268],[22.216,-0.42],[22.241,-0.42],[275.75,-0.42],[286.413,10.268]],"c":true},"ix":2},"nm":"Path 1","mn":"ADBE Vector Shape - Group","hd":false},{"ty":"fl","c":{"a":0,"k":[0.901960790157,0.901960790157,0.901960790157,1],"ix":4},"o":{"a":0,"k":100,"ix":5},"r":1,"bm":0,"nm":"Fill 1","mn":"ADBE Vector Graphic - Fill","hd":false},{"ty":"tr","p":{"a":0,"k":[0,0],"ix":2},"a":{"a":0,"k":[0,0],"ix":1},"s":{"a":0,"k":[100,100],"ix":3},"r":{"a":0,"k":0,"ix":6},"o":{"a":0,"k":100,"ix":7},"sk":{"a":0,"k":0,"ix":4},"sa":{"a":0,"k":0,"ix":5},"nm":"Transform"}],"nm":"Group 9","np":2,"cix":2,"bm":0,"ix":9,"mn":"ADBE Vector Group","hd":false},{"ty":"gr","it":[{"ind":0,"ty":"sh","ix":1,"ks":{"a":0,"k":{"i":[[25.202,0.029],[0,0],[0.028,-25.202],[0,0],[-25.202,-0.028],[0,0],[-0.028,25.202],[0,0]],"o":[[0,0],[-25.202,0.028],[0,0],[0.028,25.202],[0,0],[25.202,-0.029],[0,0],[-0.028,-25.202]],"v":[[351.198,-302.525],[-150.112,-302.525],[-195.766,-256.872],[-195.766,331.769],[-150.112,377.423],[351.198,377.423],[396.851,331.769],[396.851,-256.872]],"c":true},"ix":2},"nm":"Path 1","mn":"ADBE Vector Shape - Group","hd":false},{"ty":"fl","c":{"a":0,"k":[1,1,1,1],"ix":4},"o":{"a":0,"k":100,"ix":5},"r":1,"bm":0,"nm":"Fill 1","mn":"ADBE Vector Graphic - Fill","hd":false},{"ty":"tr","p":{"a":0,"k":[0,0],"ix":2},"a":{"a":0,"k":[0,0],"ix":1},"s":{"a":0,"k":[100,100],"ix":3},"r":{"a":0,"k":0,"ix":6},"o":{"a":0,"k":100,"ix":7},"sk":{"a":0,"k":0,"ix":4},"sa":{"a":0,"k":0,"ix":5},"nm":"Transform"}],"nm":"Group 10","np":2,"cix":2,"bm":0,"ix":10,"mn":"ADBE Vector Group","hd":false},{"ty":"gr","it":[{"ind":0,"ty":"sh","ix":1,"ks":{"a":0,"k":{"i":[[35.39,0.04],[0,0],[0.04,-35.39],[0,0],[-35.39,-0.04],[0,0],[-0.04,35.39],[0,0]],"o":[[0,0],[-35.39,0.04],[0,0],[0.04,35.39],[0,0],[35.39,-0.04],[0,0],[-0.04,-35.39]],"v":[[351.197,-320.981],[-150.112,-320.981],[-214.221,-256.872],[-214.221,331.769],[-150.112,395.879],[351.197,395.879],[415.306,331.769],[415.306,-256.872]],"c":true},"ix":2},"nm":"Path 1","mn":"ADBE Vector Shape - Group","hd":false},{"ty":"fl","c":{"a":0,"k":[0.901960790157,0.901960790157,0.901960790157,1],"ix":4},"o":{"a":0,"k":100,"ix":5},"r":1,"bm":0,"nm":"Fill 1","mn":"ADBE Vector Graphic - Fill","hd":false},{"ty":"tr","p":{"a":0,"k":[0,0],"ix":2},"a":{"a":0,"k":[0,0],"ix":1},"s":{"a":0,"k":[100,100],"ix":3},"r":{"a":0,"k":0,"ix":6},"o":{"a":0,"k":100,"ix":7},"sk":{"a":0,"k":0,"ix":4},"sa":{"a":0,"k":0,"ix":5},"nm":"Transform"}],"nm":"Group 11","np":2,"cix":2,"bm":0,"ix":11,"mn":"ADBE Vector Group","hd":false}],"ip":0,"op":2400,"st":0,"bm":0},{"ddd":0,"ind":3,"ty":4,"nm":"2nd","sr":1,"ks":{"o":{"a":1,"k":[{"i":{"x":[0.667],"y":[1]},"o":{"x":[0.669],"y":[0]},"t":120,"s":[0]},{"t":135,"s":[100]}],"ix":11},"r":{"a":1,"k":[{"i":{"x":[0.667],"y":[1]},"o":{"x":[0.805],"y":[0]},"t":115,"s":[33]},{"i":{"x":[0.833],"y":[1]},"o":{"x":[0.167],"y":[0]},"t":130,"s":[-5]},{"t":140,"s":[0]}],"ix":10},"p":{"a":0,"k":[779.743,895.896,0],"ix":2},"a":{"a":0,"k":[239.743,355.896,0],"ix":1},"s":{"a":0,"k":[100,100,100],"ix":6}},"ao":0,"shapes":[{"ty":"gr","it":[{"ind":0,"ty":"sh","ix":1,"ks":{"a":0,"k":{"i":[[2.736,-0.709],[0,0],[0.709,2.736],[0,0],[-2.736,0.709],[0,0],[-0.709,-2.736],[0,0]],"o":[[0,0],[-2.737,0.703],[0,0],[-0.703,-2.737],[0,0],[2.737,-0.703],[0,0],[0.703,2.737]],"v":[[-219.813,177.911],[-306.686,200.314],[-312.921,196.635],[-332.862,119.307],[-329.184,113.072],[-242.311,90.669],[-236.076,94.348],[-216.135,171.676]],"c":true},"ix":2},"nm":"Path 1","mn":"ADBE Vector Shape - Group","hd":false},{"ty":"fl","c":{"a":0,"k":[0.901960790157,0.901960790157,0.901960790157,1],"ix":4},"o":{"a":0,"k":100,"ix":5},"r":1,"bm":0,"nm":"Fill 1","mn":"ADBE Vector Graphic - Fill","hd":false},{"ty":"tr","p":{"a":0,"k":[0,0],"ix":2},"a":{"a":0,"k":[0,0],"ix":1},"s":{"a":0,"k":[100,100],"ix":3},"r":{"a":0,"k":0,"ix":6},"o":{"a":0,"k":100,"ix":7},"sk":{"a":0,"k":0,"ix":4},"sa":{"a":0,"k":0,"ix":5},"nm":"Transform"}],"nm":"Group 1","np":2,"cix":2,"bm":0,"ix":1,"mn":"ADBE Vector Group","hd":false},{"ty":"gr","it":[{"ind":0,"ty":"sh","ix":1,"ks":{"a":0,"k":{"i":[[2.736,-0.709],[0,0],[0.709,2.736],[0,0],[-2.736,0.709],[0,0],[-0.709,-2.736],[0,0]],"o":[[0,0],[-2.737,0.703],[0,0],[-0.703,-2.737],[0,0],[2.737,-0.703],[0,0],[0.703,2.737]],"v":[[-260.135,21.553],[-347.007,43.956],[-353.242,40.277],[-373.184,-37.051],[-369.505,-43.286],[-282.633,-65.689],[-276.398,-62.01],[-256.456,15.318]],"c":true},"ix":2},"nm":"Path 1","mn":"ADBE Vector Shape - Group","hd":false},{"ty":"fl","c":{"a":0,"k":[0.901960790157,0.901960790157,0.901960790157,1],"ix":4},"o":{"a":0,"k":100,"ix":5},"r":1,"bm":0,"nm":"Fill 1","mn":"ADBE Vector Graphic - Fill","hd":false},{"ty":"tr","p":{"a":0,"k":[0,0],"ix":2},"a":{"a":0,"k":[0,0],"ix":1},"s":{"a":0,"k":[100,100],"ix":3},"r":{"a":0,"k":0,"ix":6},"o":{"a":0,"k":100,"ix":7},"sk":{"a":0,"k":0,"ix":4},"sa":{"a":0,"k":0,"ix":5},"nm":"Transform"}],"nm":"Group 2","np":2,"cix":2,"bm":0,"ix":2,"mn":"ADBE Vector Group","hd":false},{"ty":"gr","it":[{"ind":0,"ty":"sh","ix":1,"ks":{"a":0,"k":{"i":[[2.736,-0.709],[0,0],[0.709,2.736],[0,0],[-2.736,0.709],[0,0],[-0.709,-2.736],[0,0]],"o":[[0,0],[-2.737,0.703],[0,0],[-0.703,-2.737],[0,0],[2.737,-0.703],[0,0],[0.703,2.737]],"v":[[-300.457,-134.805],[-387.329,-112.402],[-393.564,-116.081],[-413.505,-193.409],[-409.827,-199.645],[-322.955,-222.047],[-316.719,-218.369],[-296.778,-141.04]],"c":true},"ix":2},"nm":"Path 1","mn":"ADBE Vector Shape - Group","hd":false},{"ty":"fl","c":{"a":0,"k":[0.901960790157,0.901960790157,0.901960790157,1],"ix":4},"o":{"a":0,"k":100,"ix":5},"r":1,"bm":0,"nm":"Fill 1","mn":"ADBE Vector Graphic - Fill","hd":false},{"ty":"tr","p":{"a":0,"k":[0,0],"ix":2},"a":{"a":0,"k":[0,0],"ix":1},"s":{"a":0,"k":[100,100],"ix":3},"r":{"a":0,"k":0,"ix":6},"o":{"a":0,"k":100,"ix":7},"sk":{"a":0,"k":0,"ix":4},"sa":{"a":0,"k":0,"ix":5},"nm":"Transform"}],"nm":"Group 3","np":2,"cix":2,"bm":0,"ix":3,"mn":"ADBE Vector Group","hd":false},{"ty":"gr","it":[{"ind":0,"ty":"sh","ix":1,"ks":{"a":0,"k":{"i":[[5.708,-1.473],[0,0],[1.483,5.707],[-5.707,1.483],[-0.013,0.003],[0,0],[-1.472,-5.71]],"o":[[0,0],[-5.707,1.483],[-1.483,-5.707],[0.013,-0.003],[0,0],[5.71,-1.472],[1.471,5.709]],"v":[[119.212,73.592],[-168.909,147.892],[-181.927,140.245],[-174.28,127.227],[-174.241,127.217],[113.88,52.916],[126.882,60.589]],"c":true},"ix":2},"nm":"Path 1","mn":"ADBE Vector Shape - Group","hd":false},{"ty":"fl","c":{"a":0,"k":[0.949019610882,0.949019610882,0.949019610882,1],"ix":4},"o":{"a":0,"k":100,"ix":5},"r":1,"bm":0,"nm":"Fill 1","mn":"ADBE Vector Graphic - Fill","hd":false},{"ty":"tr","p":{"a":0,"k":[0,0],"ix":2},"a":{"a":0,"k":[0,0],"ix":1},"s":{"a":0,"k":[100,100],"ix":3},"r":{"a":0,"k":0,"ix":6},"o":{"a":0,"k":100,"ix":7},"sk":{"a":0,"k":0,"ix":4},"sa":{"a":0,"k":0,"ix":5},"nm":"Transform"}],"nm":"Group 4","np":2,"cix":2,"bm":0,"ix":4,"mn":"ADBE Vector Group","hd":false},{"ty":"gr","it":[{"ind":0,"ty":"sh","ix":1,"ks":{"a":0,"k":{"i":[[5.708,-1.473],[0,0],[1.462,5.712],[-5.691,1.479],[0,0],[-1.472,-5.71]],"o":[[0,0],[-5.712,1.462],[-1.458,-5.697],[0,0],[5.709,-1.472],[1.471,5.709]],"v":[[67.571,49.699],[-177.907,113.002],[-190.896,105.306],[-183.239,92.327],[62.239,29.023],[75.242,36.696]],"c":true},"ix":2},"nm":"Path 1","mn":"ADBE Vector Shape - Group","hd":false},{"ty":"fl","c":{"a":0,"k":[0.949019610882,0.949019610882,0.949019610882,1],"ix":4},"o":{"a":0,"k":100,"ix":5},"r":1,"bm":0,"nm":"Fill 1","mn":"ADBE Vector Graphic - Fill","hd":false},{"ty":"tr","p":{"a":0,"k":[0,0],"ix":2},"a":{"a":0,"k":[0,0],"ix":1},"s":{"a":0,"k":[100,100],"ix":3},"r":{"a":0,"k":0,"ix":6},"o":{"a":0,"k":100,"ix":7},"sk":{"a":0,"k":0,"ix":4},"sa":{"a":0,"k":0,"ix":5},"nm":"Transform"}],"nm":"Group 5","np":2,"cix":2,"bm":0,"ix":5,"mn":"ADBE Vector Group","hd":false},{"ty":"gr","it":[{"ind":0,"ty":"sh","ix":1,"ks":{"a":0,"k":{"i":[[5.708,-1.473],[0,0],[1.478,5.708],[-5.708,1.478],[-0.007,0.002],[0,0],[-1.472,-5.71]],"o":[[0,0],[-5.708,1.478],[-1.478,-5.708],[0.007,-0.002],[0,0],[5.71,-1.472],[1.471,5.709]],"v":[[78.89,-82.766],[-209.231,-8.466],[-222.242,-16.125],[-214.583,-29.136],[-214.563,-29.141],[73.558,-103.442],[86.561,-95.769]],"c":true},"ix":2},"nm":"Path 1","mn":"ADBE Vector Shape - Group","hd":false},{"ty":"fl","c":{"a":0,"k":[0.949019610882,0.949019610882,0.949019610882,1],"ix":4},"o":{"a":0,"k":100,"ix":5},"r":1,"bm":0,"nm":"Fill 1","mn":"ADBE Vector Graphic - Fill","hd":false},{"ty":"tr","p":{"a":0,"k":[0,0],"ix":2},"a":{"a":0,"k":[0,0],"ix":1},"s":{"a":0,"k":[100,100],"ix":3},"r":{"a":0,"k":0,"ix":6},"o":{"a":0,"k":100,"ix":7},"sk":{"a":0,"k":0,"ix":4},"sa":{"a":0,"k":0,"ix":5},"nm":"Transform"}],"nm":"Group 6","np":2,"cix":2,"bm":0,"ix":6,"mn":"ADBE Vector Group","hd":false},{"ty":"gr","it":[{"ind":0,"ty":"sh","ix":1,"ks":{"a":0,"k":{"i":[[0,0],[0,0],[1.478,5.708],[-5.708,1.478],[-0.007,0.002],[0,0],[-1.48,-5.707],[5.707,-1.48],[0.009,-0.002]],"o":[[0,0],[-5.708,1.478],[-1.478,-5.708],[0.007,-0.002],[0,0],[5.707,-1.48],[1.48,5.707],[-0.01,0.002],[0,0]],"v":[[27.249,-106.659],[-218.228,-43.356],[-231.239,-51.015],[-223.58,-64.026],[-223.56,-64.031],[21.918,-127.335],[34.932,-119.681],[27.278,-106.667],[27.249,-106.659]],"c":true},"ix":2},"nm":"Path 1","mn":"ADBE Vector Shape - Group","hd":false},{"ty":"fl","c":{"a":0,"k":[0.949019610882,0.949019610882,0.949019610882,1],"ix":4},"o":{"a":0,"k":100,"ix":5},"r":1,"bm":0,"nm":"Fill 1","mn":"ADBE Vector Graphic - Fill","hd":false},{"ty":"tr","p":{"a":0,"k":[0,0],"ix":2},"a":{"a":0,"k":[0,0],"ix":1},"s":{"a":0,"k":[100,100],"ix":3},"r":{"a":0,"k":0,"ix":6},"o":{"a":0,"k":100,"ix":7},"sk":{"a":0,"k":0,"ix":4},"sa":{"a":0,"k":0,"ix":5},"nm":"Transform"}],"nm":"Group 7","np":2,"cix":2,"bm":0,"ix":7,"mn":"ADBE Vector Group","hd":false},{"ty":"gr","it":[{"ind":0,"ty":"sh","ix":1,"ks":{"a":0,"k":{"i":[[0,0],[0,0],[1.478,5.708],[-5.708,1.478],[-0.007,0.002],[0,0],[-1.472,-5.709],[5.709,-1.472]],"o":[[0,0],[-5.708,1.478],[-1.478,-5.708],[0.007,-0.002],[0,0],[5.709,-1.472],[1.472,5.709],[0,0]],"v":[[38.568,-239.124],[-249.553,-164.824],[-262.564,-172.483],[-254.905,-185.494],[-254.884,-185.499],[33.236,-259.8],[46.24,-252.128],[38.568,-239.124]],"c":true},"ix":2},"nm":"Path 1","mn":"ADBE Vector Shape - Group","hd":false},{"ty":"fl","c":{"a":0,"k":[0.949019610882,0.949019610882,0.949019610882,1],"ix":4},"o":{"a":0,"k":100,"ix":5},"r":1,"bm":0,"nm":"Fill 1","mn":"ADBE Vector Graphic - Fill","hd":false},{"ty":"tr","p":{"a":0,"k":[0,0],"ix":2},"a":{"a":0,"k":[0,0],"ix":1},"s":{"a":0,"k":[100,100],"ix":3},"r":{"a":0,"k":0,"ix":6},"o":{"a":0,"k":100,"ix":7},"sk":{"a":0,"k":0,"ix":4},"sa":{"a":0,"k":0,"ix":5},"nm":"Transform"}],"nm":"Group 8","np":2,"cix":2,"bm":0,"ix":8,"mn":"ADBE Vector Group","hd":false},{"ty":"gr","it":[{"ind":0,"ty":"sh","ix":1,"ks":{"a":0,"k":{"i":[[5.694,-1.478],[0,0],[1.467,5.711],[-5.7,1.476],[0,0],[-1.463,-5.712]],"o":[[0,0],[-5.711,1.467],[-1.465,-5.703],[0,0],[5.712,-1.463],[1.46,5.699]],"v":[[-13.072,-263.018],[-258.55,-199.714],[-271.546,-207.398],[-263.882,-220.389],[-18.404,-283.693],[-5.413,-276]],"c":true},"ix":2},"nm":"Path 1","mn":"ADBE Vector Shape - Group","hd":false},{"ty":"fl","c":{"a":0,"k":[0.949019610882,0.949019610882,0.949019610882,1],"ix":4},"o":{"a":0,"k":100,"ix":5},"r":1,"bm":0,"nm":"Fill 1","mn":"ADBE Vector Graphic - Fill","hd":false},{"ty":"tr","p":{"a":0,"k":[0,0],"ix":2},"a":{"a":0,"k":[0,0],"ix":1},"s":{"a":0,"k":[100,100],"ix":3},"r":{"a":0,"k":0,"ix":6},"o":{"a":0,"k":100,"ix":7},"sk":{"a":0,"k":0,"ix":4},"sa":{"a":0,"k":0,"ix":5},"nm":"Transform"}],"nm":"Group 9","np":2,"cix":2,"bm":0,"ix":9,"mn":"ADBE Vector Group","hd":false},{"ty":"gr","it":[{"ind":0,"ty":"sh","ix":1,"ks":{"a":0,"k":{"i":[[24.411,-6.266],[0,0],[0,0],[0,0],[-6.266,-24.411],[0,0],[-24.411,6.266],[0,0],[0,0],[0,0],[6.266,24.411],[0,0]],"o":[[0,0],[0,0],[0,0],[-24.397,6.321],[0,0],[6.321,24.397],[0,0],[0,0],[0,0],[24.396,-6.321],[0,0],[-6.321,-24.396]],"v":[[17.244,-447.596],[-22.906,-437.242],[-428.035,-332.768],[-468.184,-322.414],[-500.992,-266.806],[-354.002,303.187],[-298.394,335.994],[-298.306,335.971],[186.946,210.834],[187.035,210.812],[219.841,155.204],[72.851,-414.789]],"c":true},"ix":2},"nm":"Path 1","mn":"ADBE Vector Shape - Group","hd":false},{"ty":"fl","c":{"a":0,"k":[1,1,1,1],"ix":4},"o":{"a":0,"k":100,"ix":5},"r":1,"bm":0,"nm":"Fill 1","mn":"ADBE Vector Graphic - Fill","hd":false},{"ty":"tr","p":{"a":0,"k":[0,0],"ix":2},"a":{"a":0,"k":[0,0],"ix":1},"s":{"a":0,"k":[100,100],"ix":3},"r":{"a":0,"k":0,"ix":6},"o":{"a":0,"k":100,"ix":7},"sk":{"a":0,"k":0,"ix":4},"sa":{"a":0,"k":0,"ix":5},"nm":"Transform"}],"nm":"Group 10","np":2,"cix":2,"bm":0,"ix":10,"mn":"ADBE Vector Group","hd":false},{"ty":"gr","it":[{"ind":0,"ty":"sh","ix":1,"ks":{"a":0,"k":{"i":[[34.279,-8.799],[0,0],[0,0],[0,0],[-8.799,-34.279],[0,0],[-34.279,8.799],[0,0],[0,0],[0,0],[8.799,34.279],[0,0]],"o":[[0,0],[0,0],[0,0],[-34.259,8.876],[0,0],[8.876,34.259],[0,0],[0,0],[0,0],[34.259,-8.876],[0,0],[-8.876,-34.259]],"v":[[12.635,-465.467],[-21.263,-456.726],[-438.895,-349.027],[-472.793,-340.285],[-518.862,-262.198],[-371.872,307.795],[-293.785,353.865],[-293.698,353.842],[191.555,228.705],[191.643,228.683],[237.712,150.596],[90.722,-419.398]],"c":true},"ix":2},"nm":"Path 1","mn":"ADBE Vector Shape - Group","hd":false},{"ty":"fl","c":{"a":0,"k":[0.949019610882,0.949019610882,0.949019610882,1],"ix":4},"o":{"a":0,"k":100,"ix":5},"r":1,"bm":0,"nm":"Fill 1","mn":"ADBE Vector Graphic - Fill","hd":false},{"ty":"tr","p":{"a":0,"k":[0,0],"ix":2},"a":{"a":0,"k":[0,0],"ix":1},"s":{"a":0,"k":[100,100],"ix":3},"r":{"a":0,"k":0,"ix":6},"o":{"a":0,"k":100,"ix":7},"sk":{"a":0,"k":0,"ix":4},"sa":{"a":0,"k":0,"ix":5},"nm":"Transform"}],"nm":"Group 11","np":2,"cix":2,"bm":0,"ix":11,"mn":"ADBE Vector Group","hd":false}],"ip":0,"op":2400,"st":1,"bm":0}],"markers":[]}